life skills,Laundry 101
life skills,Intro to Microwave Cooking
life skills,High Five Working Session
mental health,Digital Well-being
mental health,The Science of Sleep
mental health,The Uberman Sleep Schedule: Could it Work for You?
mental health,Lucid Nightmares
mental health,Competitive Meditation
mental health,The Power of Shallow Breathing
physical health,Spikeball
physical health,Ultimate Frisbee
physical health,Calvinball
physical health,Speed Walking
relationships,How to Make Friends
relationships,How to Keep Friends
relationships,How to Lose a Friend in 10 Days
relationships,How to Gain Back a Friend Lost in 10 Days
relationships,Influencing 101